
insert into POST (postid, num_of_comments, num_of_likes, published, userid, seeable, post_type, location, description) values (3784, 86, 439, TO_DATE('2021-07-11 11:00:00', 'YYYY-MM-DD hh:mm:ss'), 'fcremins3', true, 'post', 'Kraljevica Marka 17, Novi Sad', 'good vibes #smile #summer #girlsday @mrubinov0');
insert into POST (postid, num_of_comments, num_of_likes, published, userid, seeable, post_type, location, description) values (841, 113, 220, TO_DATE('2021-07-11 11:00:00', 'YYYY-MM-DD hh:mm:ss'), 'kmiroy2', true, 'post', 'Milosa Bozanovica 18, Uzice', 'smile more #smile #goodday #love');
insert into POST (postid, num_of_comments, num_of_likes, published, userid, seeable, post_type, location, description) values (7400, 180, 72, TO_DATE('2021-07-11 11:00:00', 'YYYY-MM-DD hh:mm:ss'), 'kmiroy2', true, 'post', 'Viseslava Bugarinovica 87, Sevojno', 'happy thoughts #happy #smile #love');
insert into POST (postid, num_of_comments, num_of_likes, published, userid, seeable, post_type, location, description) values (9854, 453, 213, TO_DATE('2021-07-11 11:00:00', 'YYYY-MM-DD hh:mm:ss'),  'kmiroy2', true, 'album', 'Iva Andrica 1, Novi Sad', 'live your life #free #smile #life @fcremins3');
insert into POST (postid, num_of_comments, num_of_likes, published, userid, seeable, post_type, location, description) values (5820, 411, 219, TO_DATE('2021-07-11 11:00:00', 'YYYY-MM-DD hh:mm:ss'), 'aselly1', false, 'post', 'Nikole Pasica 4, Uzice','dream big #dream #smile #hope');
insert into POST (postid, num_of_comments, num_of_likes, published, userid, seeable, post_type, location, description) values (778, 195, 47, TO_DATE('2021-07-11 11:00:00', 'YYYY-MM-DD hh:mm:ss'), 'gdybbe8', true, 'post', 'Kralja Petra I 45, Novi Sad','happy birthday! #birthday #love');
insert into POST (postid, num_of_comments, num_of_likes, published, userid, seeable, post_type, location, description) values (3116, 283, 278, TO_DATE('2021-07-11 11:00:00', 'YYYY-MM-DD hh:mm:ss'), 'gdybbe8', true, 'post', 'Stanka Vranica 98, Vranje','hide yo wifes @gdybbe8');
insert into POST (postid, num_of_comments, num_of_likes, published, userid, seeable, post_type, location, description) values (2383, 373, 191, TO_DATE('2021-07-11 11:00:00', 'YYYY-MM-DD hh:mm:ss'),  'fcremins3', true, 'post', 'Proleterske brigade 9, Uzice','@gdybbe8 #nature');
insert into POST (postid, num_of_comments, num_of_likes, published, userid, seeable, post_type, location, description) values (2721, 283, 227, TO_DATE('2021-07-11 11:00:00', 'YYYY-MM-DD hh:mm:ss'),  'fcremins3', true, 'album', 'Zivka Davidovica 83, Beograd','tiktok famous #dream #smile #job');
insert into POST (postid, num_of_comments, num_of_likes, published, userid, seeable, post_type, location, description) values (2097, 78, 258, TO_DATE('2021-07-11 11:00:00', 'YYYY-MM-DD hh:mm:ss'),  'aselly1', false, 'post', 'Beogradska 15, Beograd','undercover #secret #smile #job');
insert into POST (postid, num_of_comments, num_of_likes, published, userid, seeable, post_type, location, description) values (2632, 181, 137,TO_DATE('2021-07-11 11:00:00', 'YYYY-MM-DD hh:mm:ss'),  'gdybbe8', true, 'post', 'Juzni bulevar 1, Beograd','illusion #dream #smile #hope');
insert into POST (postid, num_of_comments, num_of_likes, published, userid, seeable, post_type, location, description) values (6204, 437, 441, TO_DATE('2021-07-11 11:00:00', 'YYYY-MM-DD hh:mm:ss'),  'kmiroy2', true, 'post', 'Jovana Subotica 16, Novi Sad','garfield @seginton9 #cats #pets #fat');
insert into POST (postid, num_of_comments, num_of_likes, published, userid, seeable, post_type, location, description) values (8548, 219, 216, TO_DATE('2021-07-11 11:00:00', 'YYYY-MM-DD hh:mm:ss'),  'kmiroy2', true, 'post', 'Bore Stankovica 7, Vranje','aristoCATS #cats #pets #hope');
insert into POST (postid, num_of_comments, num_of_likes, published, userid, seeable, post_type, location, description) values (7492, 136, 98, TO_DATE('2021-07-11 11:00:00', 'YYYY-MM-DD hh:mm:ss'),  'aselly1', false, 'post', 'Dimitrija Tucovica 8, Uzice','fairy #dream #smile #dust');
insert into POST (postid, num_of_comments, num_of_likes, published, userid, seeable, post_type, location, description) values (6691, 61, 338,TO_DATE('2021-07-11 11:00:00', 'YYYY-MM-DD hh:mm:ss'),  'mkellick4', false, 'post', 'Koste Vujica 90, Sombor','all dogs go to heaven @vwitherup6 #sad #puppy #pets');
insert into POST (postid, num_of_comments, num_of_likes, published, userid, seeable, post_type, location, description) values (1981, 56, 414, TO_DATE('2021-07-11 11:00:00', 'YYYY-MM-DD hh:mm:ss'),  'fcremins3', true, 'post', 'Desanke Maksimovic 82, Kragujevac','best friends #friends #love #hope');
insert into POST (postid, num_of_comments, num_of_likes, published, userid, seeable, post_type, location, description) values (8267, 0, 0, TO_DATE('2021-07-30 11:00:00', 'YYYY-MM-DD hh:mm:ss'),  'kmiroy2', true, 'story', '','');
insert into POST (postid, num_of_comments, num_of_likes, published, userid, seeable, post_type, location, description) values (4260, 178, 335, TO_DATE('2021-07-11 11:00:00', 'YYYY-MM-DD hh:mm:ss'),  'fcremins3', true, 'post', 'Rudnik','fast cars #fast #luxury');
insert into POST (postid, num_of_comments, num_of_likes, published, userid, seeable, post_type, location, description) values (6170, 0, 0, TO_DATE('2021-07-11 11:00:00', 'YYYY-MM-DD hh:mm:ss'),  'aselly1', false, 'story', '','');
insert into POST (postid, num_of_comments, num_of_likes, published, userid, seeable, post_type, location, description) values (2541, 0, 0, TO_DATE('2021-07-12 11:00:00', 'YYYY-MM-DD hh:mm:ss'),  'mkellick4', false, 'story', '','');
insert into POST (postid, num_of_comments, num_of_likes, published, userid, seeable, post_type, location, description) values (2651, 0, 0, TO_DATE('2021-07-12 11:00:00', 'YYYY-MM-DD hh:mm:ss'),  'mkellick4', false, 'story', '','');
insert into POST (postid, num_of_comments, num_of_likes, published, userid, seeable, post_type, location, description) values (6585, 0, 0, TO_DATE('2021-07-12 11:00:00', 'YYYY-MM-DD hh:mm:ss'),  'mkellick4', false, 'story', '','');


insert into LIKED(postid, liked) values (3784, 'kmiroy2');
insert into LIKED(postid, liked) values (3784, 'gdybbe8');
insert into LIKED(postid, liked) values (3784, 'aselly1');
insert into LIKED(postid, liked) values (6204, 'fcremins3');
insert into LIKED(postid, liked) values (778, 'fcremins3');
insert into LIKED(postid, liked) values (778, 'mkellick4');
insert into LIKED(postid, liked) values (778, 'aselly1');

insert into DISLIKED(postid, disliked) values (3116, 'aselly1');
insert into DISLIKED(postid, disliked) values (4260, 'aselly1');
insert into DISLIKED(postid, disliked) values (2632, 'aselly1');


insert into URL(postid, url) values (3784, 'adler.mp4');
insert into URL(postid, url) values (841, 'bluebird.jpg');
insert into URL(postid, url) values (7400, 'bullfinch.mp4');
insert into URL(postid, url) values (9854, 'butterfly.jpg');
insert into URL(postid, url) values (5820, 'colors.jpg');
insert into URL(postid, url) values (778, 'crvendac.jpg');
insert into URL(postid, url) values (3116, 'download.jpg');
insert into URL(postid, url) values (2383, 'feed.jpg');
insert into URL(postid, url) values (2721, 'flying.mp4');
insert into URL(postid, url) values (2097, 'gimpel.mp4');
insert into URL(postid, url) values (6204, 'magpie.mp4');
insert into URL(postid, url) values (8548, 'meadow.mp4');
insert into URL(postid, url) values (7492, 'owl.jpg');
insert into URL(postid, url) values (6691, 'parrot.jpg');
insert into URL(postid, url) values (1981, 'rainlake.mp4');
insert into URL(postid, url) values (3784, 'redeyes.jpg');
insert into URL(postid, url) values (8267, 'redol.jpg');
insert into URL(postid, url) values (4260, 'redy.mp4');
insert into URL(postid, url) values (6170, 'robin.jpg');
insert into URL(postid, url) values (2632, 'sea.mp4');
insert into URL(postid, url) values (2721, 'skyler.jpg');
insert into URL(postid, url) values (9854, 'soko.mp4');
insert into URL(postid, url) values (9854, 'titmouse.jpeg');
insert into URL(postid, url) values (2541, 'angry.jpg');
insert into URL(postid, url) values (2651, 'blackie.mp4');
insert into URL(postid, url) values (6585, 'crna.jpg');




