insert into POST (postid, num_of_comments, num_of_likes, published, url, userid, seeable, post_type, location, description) values (3784, 86, 439, TO_DATE('2021/06/13 14:05:88', 'YYYY-MM-DD hh:mm:ss'), 'http://dummyimage.com/100x100.png/cc0000/ffffff', 7, true, 'post', 'Kraljevica Marka 17, Novi Sad', 'good vibes #smile #summer #girlsday @mrubinov0');
insert into POST (postid, num_of_comments, num_of_likes, published, url, userid, seeable, post_type, location, description) values (841, 113, 220, TO_DATE('2021/06/13 14:05:88', 'YYYY-MM-DD hh:mm:ss'), 'http://dummyimage.com/100x100.png/ff4444/ffffff', 19, true, 'post', 'Milosa Bozanovica 18, Uzice', 'smile more #smile #goodday #love');
insert into POST (postid, num_of_comments, num_of_likes, published, url, userid, seeable, post_type, location, description) values (7400, 180, 72, TO_DATE('2021/06/13 14:05:88', 'YYYY-MM-DD hh:mm:ss'), 'http://dummyimage.com/100x100.png/dddddd/000000', 19, true, 'post', 'Viseslava Bugarinovica 87, Sevojno', 'happy thoughts #happy #smile #love');
insert into POST (postid, num_of_comments, num_of_likes, published, url, userid, seeable, post_type, location, description) values (9854, 453, 213, TO_DATE('2021/06/13 14:05:88', 'YYYY-MM-DD hh:mm:ss'), 'http://dummyimage.com/100x100.png/5fa2dd/ffffff', 19, true, 'post', 'Iva Andrica 1, Novi Sad', 'live your life #free #smile #life @fcremins3');
insert into POST (postid, num_of_comments, num_of_likes, published, url, userid, seeable, post_type, location, description) values (5820, 411, 219, TO_DATE('2021/06/13 14:05:88', 'YYYY-MM-DD hh:mm:ss'), 'http://dummyimage.com/100x100.png/cc0000/ffffff', 73, false, 'post', 'Nikole Pasica 4, Uzice','dream big #dream #smile #hope');
insert into POST (postid, num_of_comments, num_of_likes, published, url, userid, seeable, post_type, location, description) values (778, 195, 47, TO_DATE('2021/06/13 14:05:88', 'YYYY-MM-DD hh:mm:ss'), 'http://dummyimage.com/100x100.png/dddddd/000000', 63, true, 'post', 'Kralja Petra I 45, Novi Sad','happy birthday! #birthday #love');
insert into POST (postid, num_of_comments, num_of_likes, published, url, userid, seeable, post_type, location, description) values (3116, 283, 278, TO_DATE('2021/06/13 14:05:88', 'YYYY-MM-DD hh:mm:ss'), 'http://dummyimage.com/100x100.png/5fa2dd/ffffff', 63, true, 'post', 'Stanka Vranica 98, Vranje','hide yo wifes @gdybbe8');
insert into POST (postid, num_of_comments, num_of_likes, published, url, userid, seeable, post_type, location, description) values (2383, 373, 191, TO_DATE('2021/06/13 14:05:88', 'YYYY-MM-DD hh:mm:ss'), 'http://dummyimage.com/100x100.png/ff4444/ffffff', 7, true, 'post', 'Proleterske brigade 9, Uzice','@gdybbe8 #nature');
insert into POST (postid, num_of_comments, num_of_likes, published, url, userid, seeable, post_type, location, description) values (2721, 283, 227, TO_DATE('2021/06/13 14:05:88', 'YYYY-MM-DD hh:mm:ss'), 'http://dummyimage.com/100x100.png/ff4444/ffffff', 7, true, 'post', 'Zivka Davidovica 83, Beograd','tiktok famous #dream #smile #job');
insert into POST (postid, num_of_comments, num_of_likes, published, url, userid, seeable, post_type, location, description) values (2097, 78, 258, TO_DATE('2021/06/13 14:05:88', 'YYYY-MM-DD hh:mm:ss'), 'http://dummyimage.com/100x100.png/cc0000/ffffff', 73, false, 'post', 'Beogradska 15, Beograd','undercover #secret #smile #job');
insert into POST (postid, num_of_comments, num_of_likes, published, url, userid, seeable, post_type, location, description) values (2632, 181, 137,TO_DATE('2021/06/13 14:05:88', 'YYYY-MM-DD hh:mm:ss'), 'http://dummyimage.com/100x100.png/ff4444/ffffff', 63, true, 'post', 'Juzni bulevar 1, Beograd','illusion #dream #smile #hope');
insert into POST (postid, num_of_comments, num_of_likes, published, url, userid, seeable, post_type, location, description) values (6204, 437, 441, TO_DATE('2021/06/13 14:05:88', 'YYYY-MM-DD hh:mm:ss'), 'http://dummyimage.com/100x100.png/5fa2dd/ffffff', 19, true, 'post', 'Jovana Subotica 16, Novi Sad','garfield @seginton9 #cats #pets #fat');
insert into POST (postid, num_of_comments, num_of_likes, published, url, userid, seeable, post_type, location, description) values (8548, 219, 216, TO_DATE('2021/06/13 14:05:88', 'YYYY-MM-DD hh:mm:ss'), 'http://dummyimage.com/100x100.png/5fa2dd/ffffff', 19, true, 'post', 'Bore Stankovica 7, Vranje','aristoCATS #cats #pets #hope');
insert into POST (postid, num_of_comments, num_of_likes, published, url, userid, seeable, post_type, location, description) values (7492, 136, 98, TO_DATE('2021/06/13 14:05:88', 'YYYY-MM-DD hh:mm:ss'), 'http://dummyimage.com/100x100.png/dddddd/000000', 73, false, 'post', 'Dimitrija Tucovica 8, Uzice','fairy #dream #smile #dust');
insert into POST (postid, num_of_comments, num_of_likes, published, url, userid, seeable, post_type, location, description) values (6691, 61, 338,TO_DATE('2021/06/13 14:05:88', 'YYYY-MM-DD hh:mm:ss'), 'http://dummyimage.com/100x100.png/ff4444/ffffff', 64, false, 'post', 'Koste Vujica 90, Sombor','all dogs go to heaven @vwitherup6 #sad #puppy #pets');
insert into POST (postid, num_of_comments, num_of_likes, published, url, userid, seeable, post_type, location, description) values (1981, 56, 414, TO_DATE('2021/06/13 14:05:88', 'YYYY-MM-DD hh:mm:ss'), 'http://dummyimage.com/100x100.png/ff4444/ffffff', 7, true, 'post', 'Desanke Maksimovic 82, Kragujevac','best friends #friends #love #hope');
insert into POST (postid, num_of_comments, num_of_likes, published, url, userid, seeable, post_type, location, description) values (8267, 456, 284, TO_DATE('2021/06/13 14:05:88', 'YYYY-MM-DD hh:mm:ss'), 'http://dummyimage.com/100x100.png/ff4444/ffffff', 19, true, 'story', 'Tornik mountain','travelling with @vwitherup6 #travell #smile #friends');
insert into POST (postid, num_of_comments, num_of_likes, published, url, userid, seeable, post_type, location, description) values (4260, 178, 335, TO_DATE('2021/06/13 14:05:88', 'YYYY-MM-DD hh:mm:ss'), 'http://dummyimage.com/100x100.png/ff4444/ffffff', 7, true, 'story', 'Rudnik','fast cars #fast #luxury');
insert into POST (postid, num_of_comments, num_of_likes, published, url, userid, seeable, post_type, location, description) values (6170, 391, 45, TO_DATE('2021/06/13 14:05:88', 'YYYY-MM-DD hh:mm:ss'), 'http://dummyimage.com/100x100.png/5fa2dd/ffffff', 73, false, 'story', 'Zlatibor','bird songs with @mkellick4 #dream #nature #birds ');
insert into POST (postid, num_of_comments, num_of_likes, published, url, userid, seeable, post_type, location, description) values (5480, 153, 392, TO_DATE('2021/06/13 14:05:88', 'YYYY-MM-DD hh:mm:ss'), 'http://dummyimage.com/100x100.png/5fa2dd/ffffff', 7, true, 'story', 'Tara','fresh air #nature #free #love');

insert into LIKED(postid, liked) values (3784, 19);
insert into LIKED(postid, liked) values (3784, 63);
insert into LIKED(postid, liked) values (3784, 73);
insert into LIKED(postid, liked) values (6204, 7);
insert into LIKED(postid, liked) values (778, 7);
insert into LIKED(postid, liked) values (778, 64);
insert into LIKED(postid, liked) values (778, 73);

insert into DISLIKED(postid, disliked) values (3116, 73);
insert into DISLIKED(postid, disliked) values (4260, 73);
insert into DISLIKED(postid, disliked) values (2632, 73);

