
insert into POST (postid, num_of_comments, num_of_likes, published, userid, seeable, post_type, location, description) values (3784, 86, 439, CURRENT_DATE(), 'fcremins3', true, 'post', 'Kraljevica Marka 17, Novi Sad', 'good vibes #smile #summer #girlsday @mrubinov0');
insert into POST (postid, num_of_comments, num_of_likes, published, userid, seeable, post_type, location, description) values (841, 113, 220, CURRENT_DATE(), 'kmiroy2', true, 'post', 'Milosa Bozanovica 18, Uzice', 'smile more #smile #goodday #love');
insert into POST (postid, num_of_comments, num_of_likes, published, userid, seeable, post_type, location, description) values (7400, 180, 72, CURRENT_DATE(), 'kmiroy2', true, 'post', 'Viseslava Bugarinovica 87, Sevojno', 'happy thoughts #happy #smile #love');
insert into POST (postid, num_of_comments, num_of_likes, published, userid, seeable, post_type, location, description) values (9854, 453, 213, CURRENT_DATE(),  'kmiroy2', true, 'album', 'Iva Andrica 1, Novi Sad', 'live your life #free #smile #life @fcremins3');
insert into POST (postid, num_of_comments, num_of_likes, published, userid, seeable, post_type, location, description) values (5820, 411, 219, CURRENT_DATE(), 'aselly1', false, 'post', 'Nikole Pasica 4, Uzice','dream big #dream #smile #hope');
insert into POST (postid, num_of_comments, num_of_likes, published, userid, seeable, post_type, location, description) values (778, 195, 47, CURRENT_DATE(), 'gdybbe8', true, 'post', 'Kralja Petra I 45, Novi Sad','happy birthday! #birthday #love');
insert into POST (postid, num_of_comments, num_of_likes, published, userid, seeable, post_type, location, description) values (3116, 283, 278, CURRENT_DATE(), 'gdybbe8', true, 'post', 'Stanka Vranica 98, Vranje','hide yo wifes @gdybbe8');
insert into POST (postid, num_of_comments, num_of_likes, published, userid, seeable, post_type, location, description) values (2383, 373, 191, CURRENT_DATE(),  'fcremins3', true, 'post', 'Proleterske brigade 9, Uzice','@gdybbe8 #nature');
insert into POST (postid, num_of_comments, num_of_likes, published, userid, seeable, post_type, location, description) values (2721, 283, 227, CURRENT_DATE(),  'fcremins3', true, 'album', 'Zivka Davidovica 83, Beograd','tiktok famous #dream #smile #job');
insert into POST (postid, num_of_comments, num_of_likes, published, userid, seeable, post_type, location, description) values (2097, 78, 258, CURRENT_DATE(),  'aselly1', false, 'post', 'Beogradska 15, Beograd','undercover #secret #smile #job');
insert into POST (postid, num_of_comments, num_of_likes, published, userid, seeable, post_type, location, description) values (2632, 181, 137,CURRENT_DATE(),  'gdybbe8', true, 'post', 'Juzni bulevar 1, Beograd','illusion #dream #smile #hope');
insert into POST (postid, num_of_comments, num_of_likes, published, userid, seeable, post_type, location, description) values (6204, 437, 441, CURRENT_DATE(),  'kmiroy2', true, 'post', 'Jovana Subotica 16, Novi Sad','garfield @seginton9 #cats #pets #fat');
insert into POST (postid, num_of_comments, num_of_likes, published, userid, seeable, post_type, location, description) values (8548, 219, 216, CURRENT_DATE(),  'kmiroy2', true, 'post', 'Bore Stankovica 7, Vranje','aristoCATS #cats #pets #hope');
insert into POST (postid, num_of_comments, num_of_likes, published, userid, seeable, post_type, location, description) values (7492, 136, 98, CURRENT_DATE(),  'aselly1', false, 'post', 'Dimitrija Tucovica 8, Uzice','fairy #dream #smile #dust');
insert into POST (postid, num_of_comments, num_of_likes, published, userid, seeable, post_type, location, description) values (6691, 61, 338,CURRENT_DATE(),  'mkellick4', false, 'post', 'Koste Vujica 90, Sombor','all dogs go to heaven @vwitherup6 #sad #puppy #pets');
insert into POST (postid, num_of_comments, num_of_likes, published, userid, seeable, post_type, location, description) values (1981, 56, 414, CURRENT_DATE(),  'fcremins3', true, 'post', 'Desanke Maksimovic 82, Kragujevac','best friends #friends #love #hope');
insert into POST (postid, num_of_comments, num_of_likes, published, userid, seeable, post_type, location, description) values (8267, 0, 0, CURRENT_DATE(),  'kmiroy2', true, 'story', '','');
insert into POST (postid, num_of_comments, num_of_likes, published, userid, seeable, post_type, location, description) values (4260, 178, 335, CURRENT_DATE(),  'fcremins3', true, 'post', 'Rudnik','fast cars #fast #luxury');
insert into POST (postid, num_of_comments, num_of_likes, published, userid, seeable, post_type, location, description) values (6170, 0, 0, CURRENT_DATE(),  'aselly1', false, 'story', '','');
insert into POST (postid, num_of_comments, num_of_likes, published, userid, seeable, post_type, location, description) values (2541, 0, 0, CURRENT_DATE(),  'mkellick4', false, 'story', '','');
insert into POST (postid, num_of_comments, num_of_likes, published, userid, seeable, post_type, location, description) values (2651, 0, 0, CURRENT_DATE(),  'mkellick4', false, 'story', '','');
insert into POST (postid, num_of_comments, num_of_likes, published, userid, seeable, post_type, location, description) values (6585, 0, 0, CURRENT_DATE(),  'mkellick4', false, 'story', '','');


insert into LIKED(postid, liked) values (3784, 'kmiroy2');
insert into LIKED(postid, liked) values (3784, 'gdybbe8');
insert into LIKED(postid, liked) values (3784, 'aselly1');
insert into LIKED(postid, liked) values (6204, 'fcremins3');
insert into LIKED(postid, liked) values (778, 'fcremins3');
insert into LIKED(postid, liked) values (778, 'mkellick4');
insert into LIKED(postid, liked) values (778, 'aselly1');

insert into DISLIKED(postid, disliked) values (3116, 'aselly1');
insert into DISLIKED(postid, disliked) values (4260, 'aselly1');
insert into DISLIKED(postid, disliked) values (2632, 'aselly1');


insert into URL(postid, url, media_type) values (3784, 'adler.mp4', 'VIDEO');
insert into URL(postid, url, media_type) values (841, 'bluebird.jpg', 'IMAGE');
insert into URL(postid, url, media_type) values (7400, 'bullfinch.mp4', 'VIDEO');
insert into URL(postid, url, media_type) values (9854, 'butterfly.jpg', 'IMAGE');
insert into URL(postid, url, media_type) values (5820, 'colors.jpg', 'IMAGE');
insert into URL(postid, url, media_type) values (778, 'crvendac.jpg', 'IMAGE');
insert into URL(postid, url, media_type) values (3116, 'download.jpg', 'IMAGE');
insert into URL(postid, url, media_type) values (2383, 'feed.jpg', 'IMAGE');
insert into URL(postid, url, media_type) values (2721, 'flying.mp4', 'VIDEO');
insert into URL(postid, url, media_type) values (2097, 'gimpel.mp4', 'VIDEO');
insert into URL(postid, url, media_type) values (6204, 'magpie.mp4', 'VIDEO');
insert into URL(postid, url, media_type) values (8548, 'meadow.mp4', 'VIDEO');
insert into URL(postid, url, media_type) values (7492, 'owl.jpg', 'IMAGE');
insert into URL(postid, url, media_type) values (6691, 'parrot.jpg', 'IMAGE');
insert into URL(postid, url, media_type) values (1981, 'rainlake.mp4', 'VIDEO');
insert into URL(postid, url, media_type) values (3784, 'redeyes.jpg', 'IMAGE');
insert into URL(postid, url, media_type) values (8267, 'redol.jpg', 'IMAGE');
insert into URL(postid, url, media_type) values (4260, 'redy.mp4', 'VIDEO');
insert into URL(postid, url, media_type) values (6170, 'robin.jpg', 'IMAGE');
insert into URL(postid, url, media_type) values (2632, 'sea.mp4', 'VIDEO');
insert into URL(postid, url, media_type) values (2721, 'skyler.jpg', 'IMAGE');
insert into URL(postid, url, media_type) values (9854, 'soko.mp4', 'VIDEO');
insert into URL(postid, url, media_type) values (9854, 'titmouse.jpeg', 'IMAGE');
insert into URL(postid, url, media_type) values (2541, 'angry.jpg', 'IMAGE');
insert into URL(postid, url, media_type) values (2651, 'blackie.mp4', 'VIDEO');
insert into URL(postid, url, media_type) values (6585, 'crna.jpg', 'IMAGE');




